Order_ID,Date,Product,Category,Region,Sales (£),Profit (£),Quantity,Customer_Segment
1001,2023-04-13,Assume,Toys,Liverpool,922.83,405.52,4,B2C
1002,2024-03-11,Walk,Toys,Liverpool,1137.75,432.05,8,B2C
1003,2025-05-10,Entire,Electronics,Manchester,373.77,410.45,6,B2C
1004,2023-09-28,Child,Electronics,Manchester,1246.27,261.24,2,B2B
1005,2023-04-17,Trade,Furniture,Birmingham,758.05,224.81,9,B2C
1006,2023-03-13,Occur,Electronics,London,1799.51,498.17,2,B2C
1007,2024-12-01,Part,Clothing,Liverpool,379.27,122.29,5,B2B
1008,2023-01-21,Oil,Toys,Manchester,1038.75,277.97,4,B2B
1009,2024-09-06,Almost,Furniture,Birmingham,1216.32,338.63,7,B2C
1010,2023-05-02,Street,Electronics,Manchester,115.1,353.43,8,B2B
1011,2024-04-11,White,Clothing,Liverpool,759.2,109.97,5,B2C
1012,2023-08-03,Cause,Clothing,Liverpool,1478.64,330.46,5,B2C
1013,2023-11-27,Worry,Electronics,Leeds,1649.74,411.0,2,B2B
1014,2024-04-03,Garden,Toys,London,660.67,34.51,8,B2C
1015,2023-03-29,Or,Electronics,Leeds,1607.26,456.65,2,B2C
1016,2024-01-08,Book,Furniture,Birmingham,1937.12,24.46,6,B2B
1017,2023-04-10,Recognize,Electronics,Manchester,1720.9,184.43,8,B2B
1018,2025-05-21,Event,Clothing,Birmingham,279.41,17.75,6,B2B
1019,2024-10-25,Stay,Electronics,Liverpool,1492.47,47.8,4,B2B
1020,2023-05-11,Know,Toys,Leeds,673.35,456.47,4,B2C
1021,2024-10-23,Foot,Sports,Leeds,1977.41,183.88,6,B2B
1022,2023-11-05,Their,Electronics,Leeds,996.45,218.14,4,B2B
1023,2025-02-08,Worker,Toys,Birmingham,288.75,115.52,8,B2B
1024,2023-12-10,Hotel,Toys,Liverpool,1464.11,302.58,9,B2B
1025,2024-05-06,Soldier,Clothing,Manchester,679.87,301.45,1,B2B
1026,2024-02-18,When,Toys,Manchester,1994.3,192.38,4,B2C
1027,2025-03-16,Field,Toys,Birmingham,1960.58,173.19,4,B2B
1028,2024-01-21,Police,Toys,Leeds,1329.46,443.63,2,B2C
1029,2023-07-11,Skin,Toys,London,303.16,197.81,6,B2B
1030,2025-08-13,Hope,Furniture,Birmingham,1389.38,251.82,3,B2B
1031,2023-10-04,Another,Furniture,Birmingham,231.41,148.82,7,B2B
1032,2023-06-10,Discover,Clothing,Liverpool,107.26,395.52,5,B2B
1033,2024-04-04,Exist,Electronics,Manchester,1654.77,204.75,4,B2B
1034,2023-11-10,List,Toys,Birmingham,459.02,261.67,5,B2B
1035,2023-01-22,Cut,Electronics,Birmingham,789.1,134.15,8,B2B
1036,2023-09-10,Free,Electronics,Leeds,1948.24,493.95,3,B2B
1037,2025-01-17,Notice,Clothing,Leeds,706.84,152.83,7,B2C
1038,2025-05-06,These,Toys,London,628.16,387.66,6,B2B
1039,2024-07-14,Current,Toys,Liverpool,1840.51,219.47,1,B2C
1040,2024-04-19,Represent,Sports,London,265.96,111.05,7,B2B
1041,2023-02-28,Environment,Electronics,Leeds,1531.19,401.86,7,B2C
1042,2024-05-25,Together,Electronics,Manchester,1976.73,173.47,1,B2B
1043,2024-11-12,Threat,Furniture,Leeds,1807.53,433.94,9,B2B
1044,2024-04-20,Table,Sports,Liverpool,1320.75,458.48,6,B2B
1045,2024-11-30,Throw,Furniture,Leeds,662.42,431.31,2,B2C
1046,2025-09-02,Thank,Furniture,Liverpool,545.93,27.15,5,B2C
1047,2025-02-21,By,Furniture,Liverpool,1647.55,395.81,4,B2C
1048,2023-07-09,Here,Clothing,Liverpool,1765.65,211.56,7,B2C
1049,2025-08-15,Account,Clothing,Liverpool,1074.6,438.12,8,B2B
1050,2024-11-17,Wait,Furniture,Liverpool,526.46,322.6,1,B2B
1051,2025-08-15,Contain,Sports,Manchester,270.24,418.49,5,B2B
1052,2024-07-16,Beyond,Electronics,London,220.0,254.72,3,B2C
1053,2025-05-25,Face,Sports,Birmingham,1452.2,272.16,1,B2B
1054,2024-07-20,Power,Toys,London,869.23,80.75,3,B2C
1055,2023-09-01,Resource,Clothing,Liverpool,1815.45,394.15,6,B2C
1056,2025-04-11,Those,Electronics,Manchester,1492.36,215.5,7,B2C
1057,2024-05-19,Name,Electronics,Leeds,422.96,255.04,8,B2C
1058,2023-05-11,Them,Toys,Manchester,1246.87,394.7,4,B2C
1059,2024-04-29,Current,Toys,Liverpool,899.24,303.43,3,B2B
1060,2025-03-29,Site,Furniture,Manchester,1175.64,108.54,5,B2C
1061,2024-10-08,Put,Clothing,Manchester,1489.23,299.21,9,B2C
1062,2023-01-21,Heavy,Clothing,Liverpool,1622.08,209.74,6,B2B
1063,2025-04-20,Animal,Sports,Manchester,1695.29,240.07,9,B2C
1064,2023-06-16,Take,Furniture,Birmingham,545.25,23.87,6,B2C
1065,2023-10-01,Doctor,Furniture,Birmingham,110.68,112.91,2,B2B
1066,2024-01-23,Peace,Furniture,Manchester,1491.62,147.71,5,B2B
1067,2024-08-23,Rest,Furniture,Leeds,257.37,359.35,9,B2B
1068,2023-11-12,Open,Clothing,Liverpool,664.09,15.63,8,B2C
1069,2023-01-14,Once,Clothing,Birmingham,57.44,210.3,7,B2B
1070,2023-08-30,Conference,Furniture,Leeds,1379.26,462.77,1,B2B
1071,2025-02-15,Poor,Sports,Manchester,375.91,64.82,4,B2B
1072,2023-12-12,Huge,Electronics,Leeds,1327.8,263.05,7,B2C
1073,2024-07-18,Deal,Electronics,London,1983.9,395.4,7,B2B
1074,2025-06-16,Believe,Sports,Birmingham,191.71,471.84,6,B2C
1075,2023-12-06,Friend,Furniture,Manchester,200.3,375.92,8,B2C
1076,2023-04-02,Feeling,Clothing,Liverpool,713.74,363.08,6,B2B
1077,2024-01-02,Other,Electronics,Manchester,1739.45,414.98,3,B2C
1078,2025-08-13,Agent,Toys,Liverpool,470.28,228.64,4,B2C
1079,2024-03-30,Arrive,Toys,Manchester,752.74,404.86,3,B2B
1080,2024-03-03,Industry,Sports,Leeds,183.59,13.9,1,B2C
1081,2024-05-23,Less,Furniture,Leeds,1538.15,463.03,5,B2B
1082,2025-02-14,Civil,Electronics,Leeds,846.2,227.22,1,B2C
1083,2025-07-31,Baby,Furniture,London,1530.54,281.16,1,B2C
1084,2023-02-04,Condition,Electronics,Liverpool,1812.04,134.89,2,B2B
1085,2023-07-25,Who,Sports,Leeds,503.89,373.84,4,B2B
1086,2023-03-22,High,Sports,London,1624.42,47.55,6,B2C
1087,2025-07-20,Response,Toys,Liverpool,165.23,437.59,8,B2C
1088,2024-07-15,Purpose,Furniture,Manchester,1802.75,415.78,3,B2B
1089,2025-05-21,Money,Toys,London,1319.0,115.87,1,B2C
1090,2024-01-23,Together,Furniture,Birmingham,1754.74,406.57,3,B2C
1091,2023-01-02,Artist,Toys,London,50.37,395.32,3,B2C
1092,2024-01-25,Add,Clothing,London,379.71,319.79,5,B2C
1093,2024-07-19,Ball,Clothing,Liverpool,810.03,193.02,4,B2B
1094,2023-04-16,Effort,Clothing,Manchester,790.03,143.03,4,B2B
1095,2025-02-10,Soon,Clothing,Birmingham,492.12,123.57,9,B2B
1096,2025-04-01,Physical,Electronics,Leeds,794.14,166.12,7,B2B
1097,2024-04-21,Most,Clothing,Leeds,301.25,452.74,4,B2B
1098,2024-12-03,Whose,Sports,London,854.88,48.04,3,B2B
1099,2024-02-06,Enough,Sports,Liverpool,1614.59,416.15,6,B2C
1100,2024-12-30,Institution,Electronics,Liverpool,984.19,180.96,3,B2B
1101,2024-07-09,Base,Clothing,Leeds,85.1,265.58,6,B2C
1102,2023-06-11,Memory,Clothing,Birmingham,871.82,399.3,9,B2C
1103,2023-07-21,Hard,Clothing,Manchester,102.99,443.34,6,B2C
1104,2025-08-15,Conference,Toys,Birmingham,1934.17,178.94,4,B2B
1105,2025-09-22,Girl,Furniture,Manchester,298.54,236.3,5,B2C
1106,2023-09-27,Deal,Toys,Leeds,1429.99,213.11,6,B2B
1107,2025-05-12,Interview,Furniture,Manchester,1946.91,16.49,3,B2C
1108,2025-03-26,Think,Clothing,Liverpool,1660.78,155.01,8,B2C
1109,2023-09-28,Represent,Clothing,London,1413.66,235.0,4,B2B
1110,2024-03-31,Lose,Toys,London,1686.95,211.44,8,B2C
1111,2024-04-06,Eight,Toys,Leeds,1964.51,363.75,3,B2C
1112,2024-12-27,Once,Furniture,Liverpool,1261.62,198.55,7,B2C
1113,2023-09-09,You,Sports,Birmingham,1140.41,249.79,9,B2C
1114,2024-12-02,Power,Furniture,Liverpool,1275.06,220.51,4,B2B
1115,2023-10-23,Hot,Toys,London,1088.72,372.91,8,B2C
1116,2024-12-25,Build,Toys,London,1288.42,432.86,3,B2C
1117,2024-12-20,Partner,Electronics,Liverpool,927.19,270.63,7,B2B
1118,2025-01-18,Window,Toys,Liverpool,475.96,396.82,3,B2C
1119,2023-12-04,Strategy,Electronics,London,284.48,155.43,7,B2C
1120,2025-05-28,Under,Sports,Birmingham,183.26,275.27,6,B2C
1121,2023-02-22,Resource,Furniture,Leeds,563.47,179.16,2,B2C
1122,2025-03-02,Story,Furniture,Leeds,139.94,212.96,3,B2B
1123,2025-07-10,Since,Electronics,Liverpool,1155.98,368.88,6,B2C
1124,2023-08-05,Although,Furniture,Leeds,603.47,442.01,4,B2B
1125,2025-02-02,Save,Toys,London,1657.84,69.53,6,B2C
1126,2023-07-07,Tough,Clothing,London,194.77,320.97,1,B2C
1127,2024-01-15,Treatment,Electronics,Liverpool,491.39,295.25,1,B2C
1128,2024-05-07,Idea,Furniture,Liverpool,1473.98,68.02,3,B2B
1129,2023-02-10,During,Electronics,Liverpool,1217.68,113.83,8,B2C
1130,2023-06-06,Appear,Electronics,Birmingham,175.76,162.39,8,B2C
1131,2023-01-15,As,Clothing,Leeds,1760.62,91.8,4,B2B
1132,2025-03-23,Bad,Toys,Liverpool,1760.66,129.43,6,B2B
1133,2023-03-06,Soon,Electronics,Manchester,694.3,141.12,8,B2B
1134,2025-05-06,Message,Furniture,Manchester,713.79,174.48,7,B2B
1135,2025-04-18,Both,Sports,London,1978.61,377.2,7,B2C
1136,2024-06-04,Glass,Electronics,Leeds,1271.04,290.24,4,B2C
1137,2023-12-10,Reflect,Electronics,Liverpool,1086.07,493.26,9,B2C
1138,2023-05-09,Certain,Clothing,Manchester,1684.4,213.22,6,B2C
1139,2024-10-09,On,Toys,Leeds,606.32,379.39,3,B2B
1140,2024-04-16,Red,Sports,London,886.91,437.02,5,B2C
1141,2023-03-04,Figure,Furniture,Birmingham,572.16,342.7,5,B2C
1142,2023-05-19,Around,Sports,Leeds,1588.86,211.81,5,B2C
1143,2024-05-13,Option,Furniture,Leeds,1168.03,379.26,8,B2C
1144,2024-08-15,Budget,Toys,Birmingham,1334.71,109.8,9,B2B
1145,2024-01-27,Even,Furniture,Leeds,542.0,170.5,9,B2C
1146,2024-11-05,Project,Clothing,London,479.44,277.88,6,B2C
1147,2024-02-23,Down,Clothing,London,1002.33,291.95,6,B2C
1148,2023-10-16,Cause,Clothing,Birmingham,1488.25,20.85,9,B2B
1149,2024-01-14,Write,Clothing,Liverpool,1074.22,473.11,4,B2B
1150,2025-02-11,Wait,Sports,Manchester,113.66,351.35,6,B2C
1151,2024-05-04,Experience,Toys,Liverpool,1743.68,252.89,4,B2C
1152,2023-08-19,East,Furniture,Leeds,176.14,467.23,1,B2C
1153,2023-02-10,Reality,Furniture,Manchester,1913.86,225.16,7,B2B
1154,2023-01-28,Close,Clothing,Birmingham,99.03,490.41,6,B2C
1155,2023-05-15,Resource,Clothing,Birmingham,1404.18,261.02,9,B2C
1156,2023-07-20,Task,Electronics,Manchester,210.3,66.0,7,B2C
1157,2025-04-19,Herself,Toys,London,1825.82,384.75,7,B2B
1158,2025-02-18,Hit,Sports,Manchester,955.64,342.66,2,B2C
1159,2025-07-18,Thus,Furniture,Leeds,318.17,388.76,9,B2C
1160,2023-02-02,Audience,Electronics,London,714.59,476.21,9,B2B
1161,2023-02-17,At,Electronics,Birmingham,371.41,390.48,6,B2B
1162,2024-05-17,With,Furniture,Manchester,382.63,309.55,3,B2C
1163,2024-02-11,Make,Sports,Liverpool,1898.81,430.08,1,B2B
1164,2024-07-27,System,Electronics,Liverpool,918.23,339.89,4,B2C
1165,2024-12-28,Common,Electronics,Leeds,1588.16,209.98,3,B2B
1166,2025-03-15,Plant,Toys,Liverpool,1297.23,443.95,1,B2B
1167,2023-04-09,Knowledge,Sports,Manchester,1369.03,118.73,3,B2C
1168,2024-11-14,Before,Electronics,Manchester,306.8,360.17,4,B2C
1169,2025-05-21,Rise,Sports,Liverpool,506.66,441.97,8,B2C
1170,2024-12-26,Success,Furniture,Manchester,1584.16,368.35,9,B2B
1171,2025-09-13,Home,Clothing,Leeds,1942.99,351.66,3,B2C
1172,2024-06-30,Production,Electronics,London,562.22,378.79,6,B2C
1173,2025-08-18,Listen,Toys,Leeds,579.56,237.88,5,B2C
1174,2025-01-08,Certainly,Furniture,Leeds,972.15,438.34,6,B2C
1175,2024-09-04,Treat,Sports,Manchester,1968.49,109.68,4,B2C
1176,2025-07-31,Accept,Furniture,London,574.47,72.42,6,B2B
1177,2024-04-06,Fact,Electronics,Manchester,843.6,149.9,7,B2C
1178,2024-10-04,Traditional,Sports,Birmingham,1788.39,270.47,9,B2C
1179,2025-02-07,Wall,Clothing,Manchester,55.7,260.18,7,B2B
1180,2023-01-05,Get,Furniture,Manchester,127.54,412.09,6,B2C
1181,2023-08-06,Kid,Electronics,Manchester,1227.94,208.24,1,B2C
1182,2024-05-17,New,Toys,London,1819.39,247.33,2,B2C
1183,2025-02-05,Base,Sports,Manchester,515.77,16.55,1,B2C
1184,2024-02-02,Project,Furniture,London,965.8,210.77,9,B2C
1185,2025-05-20,Build,Furniture,Liverpool,928.41,327.41,9,B2B
1186,2025-03-05,Manage,Clothing,Birmingham,972.29,17.6,7,B2B
1187,2024-01-28,Dog,Clothing,London,1263.91,147.63,2,B2B
1188,2023-07-26,International,Toys,Liverpool,966.0,111.9,6,B2C
1189,2023-01-15,Question,Toys,London,922.56,30.57,4,B2B
1190,2025-05-07,Recognize,Electronics,London,974.86,244.84,1,B2C
1191,2024-07-07,Raise,Electronics,Birmingham,1202.19,99.04,1,B2C
1192,2025-06-10,Performance,Toys,Leeds,1097.16,374.11,5,B2C
1193,2024-04-05,Social,Toys,Leeds,1715.57,425.48,2,B2B
1194,2024-11-21,Group,Sports,London,146.52,277.34,4,B2B
1195,2024-07-28,Speak,Clothing,Manchester,1674.97,491.04,1,B2B
1196,2025-05-13,Live,Electronics,Liverpool,1695.65,230.73,4,B2C
1197,2025-01-12,Land,Clothing,Manchester,605.57,261.55,6,B2B
1198,2023-08-29,Service,Clothing,Manchester,952.56,494.72,4,B2C
1199,2024-07-17,Those,Toys,London,905.15,123.46,1,B2B
1200,2023-04-06,Why,Sports,London,476.09,471.85,7,B2B
1201,2025-06-18,Party,Furniture,London,823.75,30.99,2,B2C
1202,2025-01-03,Outside,Sports,London,136.56,228.73,9,B2C
1203,2024-04-29,Particular,Sports,Leeds,591.75,44.3,3,B2B
1204,2024-02-11,Beyond,Clothing,London,1642.53,367.33,8,B2B
1205,2023-08-19,Would,Sports,Leeds,604.9,308.12,8,B2B
1206,2025-01-18,Take,Electronics,Leeds,1645.5,356.25,3,B2C
1207,2024-10-16,Other,Clothing,London,1086.62,193.5,4,B2C
1208,2023-06-20,College,Electronics,Birmingham,1765.73,191.05,2,B2B
1209,2024-06-24,Relate,Furniture,Liverpool,1170.82,32.21,4,B2B
1210,2023-02-05,Step,Clothing,Manchester,107.85,181.47,9,B2C
1211,2024-06-08,Keep,Furniture,Leeds,1367.07,465.35,2,B2B
1212,2023-06-09,Up,Clothing,Liverpool,137.46,195.82,3,B2C
1213,2025-04-18,Hot,Toys,Birmingham,928.66,417.37,4,B2C
1214,2024-11-29,Parent,Sports,Manchester,1862.38,422.74,5,B2C
1215,2023-08-31,Rise,Toys,Manchester,372.15,192.89,1,B2C
1216,2023-03-27,Yes,Furniture,Leeds,810.25,319.67,7,B2C
1217,2025-03-06,Official,Sports,London,1473.23,56.73,7,B2C
1218,2024-07-31,Government,Clothing,Birmingham,1770.4,60.8,9,B2B
1219,2024-11-12,Record,Sports,Leeds,1358.34,33.84,4,B2C
1220,2024-07-10,End,Electronics,Birmingham,553.44,294.7,6,B2C
1221,2024-07-27,Fact,Sports,London,1365.49,218.77,2,B2B
1222,2025-08-10,Toward,Electronics,London,628.62,278.54,4,B2C
1223,2024-10-07,Power,Sports,Leeds,1450.94,265.33,2,B2B
1224,2025-03-06,Should,Electronics,London,1910.36,181.6,5,B2C
1225,2023-01-28,Send,Furniture,Liverpool,1456.72,341.96,7,B2B
1226,2024-09-11,Space,Toys,Manchester,1732.62,381.67,1,B2B
1227,2024-07-09,Police,Clothing,Leeds,54.1,17.17,7,B2C
1228,2023-12-06,Possible,Sports,Birmingham,1449.27,111.55,6,B2C
1229,2025-03-08,Among,Toys,Liverpool,1667.7,359.49,6,B2C
1230,2025-08-15,Control,Clothing,Leeds,129.09,199.44,8,B2C
1231,2023-11-27,Send,Clothing,London,1749.62,334.62,8,B2B
1232,2024-10-01,Apply,Electronics,London,550.55,180.01,6,B2B
1233,2024-05-20,Week,Furniture,London,1347.32,201.47,3,B2B
1234,2023-12-14,In,Furniture,London,1610.69,87.75,5,B2C
1235,2024-04-17,Director,Toys,Birmingham,1342.2,136.53,2,B2B
1236,2023-08-19,Maintain,Furniture,Liverpool,229.96,306.65,5,B2C
1237,2023-07-09,Describe,Sports,Manchester,1212.83,222.25,9,B2C
1238,2023-08-13,Each,Furniture,Birmingham,1121.69,389.41,1,B2B
1239,2024-01-20,Let,Toys,Birmingham,1805.63,427.77,5,B2C
1240,2024-01-12,Subject,Furniture,Manchester,838.27,275.41,6,B2B
1241,2023-10-10,Yeah,Sports,Manchester,676.11,381.55,7,B2C
1242,2025-08-15,Mind,Electronics,London,1512.21,160.38,9,B2B
1243,2024-09-24,Rate,Toys,Birmingham,854.72,213.34,6,B2C
1244,2024-09-19,Response,Electronics,Leeds,1309.89,359.26,5,B2B
1245,2025-08-30,Remember,Electronics,Manchester,1310.58,199.24,7,B2B
1246,2025-01-14,Show,Electronics,Manchester,1781.68,298.37,1,B2C
1247,2023-09-16,Bag,Clothing,Liverpool,1217.45,100.83,5,B2C
1248,2023-12-25,Include,Clothing,Leeds,1029.2,303.89,2,B2B
1249,2024-12-10,Before,Electronics,Leeds,320.8,432.14,4,B2C
1250,2024-03-31,Usually,Toys,Manchester,275.69,435.63,7,B2C
1251,2024-02-15,Performance,Sports,London,350.93,364.93,5,B2C
1252,2024-10-10,Much,Sports,Liverpool,385.1,375.42,6,B2B
1253,2023-11-14,Understand,Furniture,Leeds,1293.86,283.38,2,B2B
1254,2024-11-07,Control,Toys,Manchester,1494.91,296.49,3,B2C
1255,2023-08-13,Least,Clothing,Leeds,1083.48,75.49,7,B2C
1256,2025-03-29,Indicate,Electronics,Liverpool,1666.58,227.49,2,B2B
1257,2023-08-22,Yeah,Furniture,Liverpool,1982.96,230.88,6,B2C
1258,2024-11-14,Need,Sports,Birmingham,1649.02,479.66,5,B2B
1259,2024-10-25,Operation,Clothing,Manchester,1405.02,221.23,1,B2C
1260,2025-09-01,Determine,Clothing,Liverpool,1088.36,279.18,4,B2C
1261,2025-04-06,Paper,Electronics,Birmingham,925.26,271.29,2,B2C
1262,2024-01-09,Arrive,Sports,Birmingham,214.57,322.01,4,B2B
1263,2024-11-02,Ever,Toys,Leeds,828.77,376.63,1,B2B
1264,2024-08-30,Bar,Clothing,Leeds,1824.76,120.27,2,B2B
1265,2024-04-16,Course,Electronics,Birmingham,1625.64,269.07,8,B2B
1266,2023-08-21,Message,Toys,Leeds,471.3,414.7,6,B2C
1267,2024-11-22,Stock,Sports,Liverpool,959.89,236.93,2,B2C
1268,2023-04-23,Rather,Clothing,London,1642.61,146.44,6,B2B
1269,2025-04-09,Couple,Toys,Liverpool,181.4,330.81,9,B2C
1270,2024-05-11,Degree,Toys,Birmingham,805.42,413.65,7,B2C
1271,2024-03-17,Turn,Toys,Birmingham,1711.09,40.94,9,B2B
1272,2024-07-17,Tv,Clothing,Liverpool,837.6,390.63,5,B2C
1273,2023-09-25,Today,Clothing,Leeds,201.35,412.61,7,B2C
1274,2024-05-24,Majority,Furniture,Leeds,1107.94,236.15,7,B2B
1275,2025-03-17,Southern,Sports,Birmingham,1730.4,491.82,3,B2C
1276,2024-01-21,Will,Electronics,Manchester,1201.06,395.49,7,B2C
1277,2024-01-22,Financial,Toys,Leeds,491.24,389.09,1,B2C
1278,2023-04-23,Choice,Furniture,Liverpool,799.27,376.44,9,B2B
1279,2024-09-04,Security,Electronics,Leeds,927.74,83.8,6,B2B
1280,2024-09-16,Final,Furniture,Liverpool,1179.57,116.44,5,B2C
1281,2025-08-09,Level,Clothing,Birmingham,1530.73,237.36,7,B2C
1282,2023-03-22,Quickly,Toys,Leeds,242.8,139.36,5,B2C
1283,2024-11-29,Some,Electronics,Liverpool,1784.82,213.47,5,B2B
1284,2023-04-23,Leave,Electronics,Birmingham,74.0,445.35,7,B2B
1285,2023-01-02,Team,Electronics,Manchester,771.6,413.92,7,B2B
1286,2024-10-03,Arm,Electronics,Liverpool,103.47,318.72,3,B2C
1287,2023-08-08,Back,Electronics,Manchester,816.3,430.48,3,B2C
1288,2024-07-19,Sea,Furniture,Manchester,1075.33,394.05,3,B2C
1289,2025-05-04,Gun,Toys,London,1047.78,220.2,6,B2C
1290,2025-09-23,Choice,Clothing,Leeds,372.98,108.52,6,B2C
1291,2025-01-05,Eye,Clothing,Liverpool,1309.19,261.96,3,B2B
1292,2023-08-13,Only,Clothing,Manchester,137.32,370.75,3,B2C
1293,2024-01-20,Industry,Clothing,London,1535.72,223.85,8,B2C
1294,2024-02-07,Behind,Furniture,Birmingham,1895.96,336.72,8,B2C
1295,2024-09-29,Anything,Sports,Liverpool,712.55,56.22,7,B2B
1296,2023-05-10,Result,Toys,Manchester,1058.62,376.52,4,B2C
1297,2023-02-22,Style,Electronics,Leeds,788.88,408.23,4,B2B
1298,2024-11-14,Center,Sports,London,63.09,356.35,3,B2B
1299,2024-12-30,Human,Clothing,Manchester,802.46,483.96,5,B2B
1300,2024-11-02,Product,Sports,Leeds,1593.85,415.06,3,B2B
1301,2024-12-10,Body,Toys,Manchester,1212.18,452.52,8,B2B
1302,2024-02-20,Move,Electronics,Liverpool,247.46,467.45,7,B2C
1303,2023-09-04,Price,Electronics,Liverpool,1701.92,402.66,3,B2C
1304,2025-04-15,Laugh,Toys,Liverpool,1085.62,340.39,9,B2B
1305,2024-03-14,Woman,Toys,London,1691.36,12.8,5,B2B
1306,2023-07-22,Certainly,Clothing,Liverpool,1181.43,238.25,9,B2B
1307,2023-07-03,Perform,Electronics,Leeds,1141.39,289.87,7,B2C
1308,2023-05-03,Thousand,Sports,Manchester,255.26,158.97,7,B2C
1309,2024-02-05,Degree,Furniture,Birmingham,376.35,165.87,6,B2B
1310,2025-02-05,Society,Furniture,Leeds,1945.45,480.97,2,B2C
1311,2023-10-21,Field,Toys,Leeds,495.55,446.94,9,B2C
1312,2023-10-07,Dog,Clothing,Liverpool,1956.03,426.1,6,B2B
1313,2025-04-16,Weight,Furniture,London,1087.23,208.95,8,B2B
1314,2025-06-02,Else,Electronics,Manchester,314.79,16.71,1,B2C
1315,2024-09-01,Ask,Toys,London,243.64,49.31,5,B2C
1316,2023-07-17,Focus,Sports,Manchester,457.28,162.98,1,B2C
1317,2025-09-08,Difficult,Toys,Manchester,1854.99,17.71,8,B2B
1318,2025-06-25,Trial,Sports,London,857.59,18.4,8,B2B
1319,2024-05-25,Development,Toys,Leeds,821.1,459.14,1,B2B
1320,2025-01-21,Onto,Toys,Manchester,660.75,356.02,9,B2C
1321,2023-05-24,Read,Toys,London,336.77,161.39,2,B2C
1322,2024-08-31,Million,Sports,Manchester,1001.31,75.0,9,B2B
1323,2023-07-20,Whom,Sports,Birmingham,303.59,260.7,1,B2C
1324,2023-05-04,Debate,Toys,Leeds,1679.19,12.62,9,B2B
1325,2023-07-06,Everybody,Furniture,Liverpool,772.27,469.82,4,B2C
1326,2023-11-22,Factor,Clothing,Manchester,780.87,213.26,9,B2B
1327,2024-04-08,North,Clothing,Birmingham,974.31,207.14,7,B2C
1328,2023-12-15,State,Clothing,Liverpool,916.05,201.39,6,B2C
1329,2025-02-09,Media,Sports,Liverpool,1989.97,43.97,5,B2B
1330,2024-10-21,Friend,Sports,Manchester,1113.49,322.78,9,B2B
1331,2025-02-02,Nation,Furniture,London,221.99,369.17,2,B2B
1332,2025-08-12,Sound,Clothing,Manchester,1233.41,341.3,2,B2B
1333,2025-07-20,Word,Clothing,Birmingham,345.59,77.83,9,B2B
1334,2024-02-07,Man,Toys,Liverpool,110.33,293.63,3,B2C
1335,2023-12-12,Number,Sports,Manchester,1942.95,289.05,8,B2B
1336,2025-08-20,Administration,Clothing,London,1558.4,435.52,9,B2B
1337,2024-05-25,Main,Furniture,Manchester,1961.21,195.77,8,B2B
1338,2023-05-27,She,Furniture,Leeds,981.86,192.03,4,B2B
1339,2023-05-28,Trip,Clothing,London,1087.9,313.08,1,B2B
1340,2025-05-13,Hundred,Sports,Birmingham,378.26,320.21,4,B2C
1341,2024-12-11,Drop,Furniture,Liverpool,531.47,239.95,9,B2B
1342,2025-03-30,Notice,Toys,Manchester,1685.17,227.1,2,B2B
1343,2024-05-03,Cell,Furniture,London,744.56,252.13,3,B2B
1344,2025-07-17,Success,Electronics,Leeds,1662.29,431.91,8,B2C
1345,2025-07-24,Movie,Electronics,London,1432.58,235.97,6,B2C
1346,2024-10-01,Top,Sports,Leeds,395.48,470.57,8,B2B
1347,2024-07-04,Present,Clothing,Birmingham,1039.52,256.96,7,B2B
1348,2023-12-04,Responsibility,Sports,Liverpool,1370.91,475.11,5,B2C
1349,2025-05-21,Relationship,Sports,Birmingham,508.32,418.09,9,B2C
1350,2024-10-02,Our,Sports,Manchester,1669.84,187.59,4,B2C
1351,2025-02-17,Article,Sports,London,1112.41,433.18,6,B2B
1352,2025-09-14,As,Toys,Leeds,372.22,63.93,2,B2B
1353,2025-08-10,Which,Toys,Leeds,1186.82,463.27,2,B2C
1354,2024-04-17,Go,Furniture,London,1999.44,319.51,2,B2B
1355,2025-08-03,Especially,Electronics,London,343.52,36.65,7,B2C
1356,2023-05-31,Pull,Sports,Manchester,1642.68,325.69,2,B2C
1357,2024-02-19,North,Furniture,Birmingham,454.25,487.38,2,B2C
1358,2025-09-16,Administration,Electronics,Leeds,1575.66,44.2,9,B2B
1359,2023-10-25,Street,Clothing,Manchester,1482.43,281.8,7,B2C
1360,2024-09-02,True,Toys,Birmingham,635.95,376.42,3,B2C
1361,2023-09-20,Whom,Electronics,Manchester,685.36,407.03,3,B2B
1362,2025-02-02,Common,Clothing,Leeds,1595.42,212.78,7,B2C
1363,2023-05-24,Process,Electronics,London,949.82,110.04,5,B2B
1364,2023-12-12,Health,Toys,London,1475.1,30.75,6,B2C
1365,2024-09-15,Against,Toys,Birmingham,338.57,294.07,8,B2B
1366,2024-07-25,Daughter,Furniture,Liverpool,1712.49,231.93,9,B2C
1367,2025-05-30,Tend,Sports,Birmingham,1436.23,474.88,1,B2C
1368,2023-01-02,Official,Electronics,Liverpool,1818.54,39.7,3,B2C
1369,2025-06-15,Wonder,Electronics,Manchester,308.13,345.84,7,B2C
1370,2023-10-31,Nearly,Clothing,Manchester,1206.38,22.23,6,B2C
1371,2023-09-11,Book,Toys,Leeds,1218.29,94.0,7,B2B
1372,2024-10-13,Important,Electronics,Liverpool,739.25,232.25,8,B2B
1373,2024-03-28,She,Toys,Leeds,944.01,232.89,6,B2C
1374,2023-02-06,Open,Electronics,London,124.06,345.99,3,B2C
1375,2023-06-09,Collection,Furniture,Liverpool,1504.43,456.0,2,B2C
1376,2023-01-09,Where,Sports,Birmingham,1121.18,323.13,7,B2B
1377,2023-08-21,School,Electronics,London,162.6,477.23,1,B2B
1378,2023-04-09,I,Toys,London,1377.47,441.99,3,B2C
1379,2024-10-20,Develop,Furniture,Birmingham,960.23,296.4,4,B2B
1380,2025-03-26,Let,Electronics,London,117.2,418.56,1,B2C
1381,2023-07-27,Safe,Clothing,Liverpool,1940.74,324.86,5,B2C
1382,2023-05-11,Debate,Sports,Leeds,1900.77,48.49,3,B2C
1383,2024-02-08,Season,Electronics,London,1050.16,372.88,2,B2B
1384,2023-06-01,Especially,Furniture,Liverpool,232.66,56.51,3,B2C
1385,2023-02-23,Pressure,Clothing,Manchester,1521.51,301.1,8,B2C
1386,2023-04-30,Such,Furniture,Liverpool,1009.27,354.29,6,B2C
1387,2024-11-03,Safe,Furniture,Leeds,639.77,42.6,7,B2B
1388,2025-07-08,Though,Clothing,Liverpool,1008.27,123.09,6,B2B
1389,2024-09-19,Eye,Furniture,Birmingham,1068.77,458.68,6,B2B
1390,2024-08-09,Together,Clothing,Leeds,1147.29,311.99,3,B2C
1391,2024-09-16,Pick,Electronics,Manchester,910.39,130.68,8,B2B
1392,2025-08-25,Week,Clothing,Birmingham,1231.22,348.43,7,B2C
1393,2024-02-24,He,Clothing,Liverpool,1841.53,302.42,7,B2B
1394,2024-02-26,Tough,Sports,Leeds,756.42,255.77,6,B2C
1395,2023-04-14,Blood,Clothing,Manchester,1465.15,488.33,5,B2B
1396,2025-05-01,Many,Clothing,Birmingham,1794.18,344.89,8,B2C
1397,2023-09-11,Believe,Electronics,Manchester,939.16,193.97,5,B2B
1398,2023-08-15,Laugh,Sports,Liverpool,914.74,402.04,9,B2B
1399,2023-04-22,Cell,Toys,Manchester,1224.13,443.45,9,B2B
1400,2024-05-24,Able,Electronics,London,1203.24,71.36,1,B2C
1401,2024-04-17,Already,Electronics,Birmingham,1622.85,108.27,6,B2B
1402,2023-04-09,How,Toys,Manchester,979.14,115.95,7,B2B
1403,2023-06-02,Instead,Clothing,Liverpool,1992.44,348.69,3,B2B
1404,2025-05-10,Administration,Furniture,Liverpool,165.97,305.49,7,B2B
1405,2025-07-02,Care,Sports,Manchester,56.18,313.31,7,B2C
1406,2025-06-14,We,Furniture,Liverpool,1298.39,470.98,2,B2B
1407,2025-05-27,Maintain,Toys,Leeds,631.95,390.2,7,B2C
1408,2023-12-04,Walk,Electronics,Leeds,518.75,72.69,1,B2C
1409,2024-12-06,Nation,Electronics,Leeds,658.2,180.28,5,B2C
1410,2025-04-01,Finally,Sports,London,549.29,223.34,9,B2C
1411,2023-06-12,Along,Electronics,Manchester,110.04,204.02,7,B2B
1412,2024-12-20,Hotel,Electronics,London,1944.49,337.96,7,B2C
1413,2025-08-14,Nature,Sports,Liverpool,480.45,447.03,2,B2C
1414,2024-11-11,Create,Sports,London,1481.36,159.97,8,B2C
1415,2025-09-22,Discussion,Toys,Liverpool,1537.06,280.42,3,B2C
1416,2023-06-10,See,Electronics,Liverpool,1862.05,396.81,8,B2B
1417,2024-08-02,For,Electronics,Birmingham,109.57,213.95,3,B2B
1418,2025-03-11,Since,Toys,Leeds,1750.49,92.38,7,B2C
1419,2024-02-02,Open,Clothing,Liverpool,1078.09,242.73,2,B2C
1420,2023-10-04,Away,Clothing,Birmingham,1283.46,37.06,4,B2C
1421,2025-03-26,Customer,Clothing,Leeds,1306.72,471.77,6,B2B
1422,2025-07-04,Reflect,Toys,Liverpool,1648.61,46.66,9,B2B
1423,2024-05-18,Over,Electronics,Liverpool,700.14,224.84,5,B2B
1424,2025-06-14,Any,Toys,London,1479.45,269.64,9,B2B
1425,2024-01-27,Head,Toys,London,1080.73,492.8,5,B2B
1426,2023-05-15,Cover,Clothing,Leeds,1597.12,91.35,8,B2C
1427,2023-07-14,Rich,Furniture,Liverpool,1981.56,66.07,1,B2B
1428,2024-02-05,So,Electronics,Manchester,441.27,14.27,7,B2B
1429,2024-10-01,Military,Clothing,London,1989.56,86.23,4,B2C
1430,2023-02-02,May,Furniture,Leeds,225.13,111.56,5,B2B
1431,2024-11-18,Information,Furniture,Liverpool,54.52,318.98,6,B2B
1432,2024-04-04,Lay,Sports,Liverpool,136.12,117.66,5,B2B
1433,2025-08-12,Ball,Electronics,Manchester,716.48,20.06,1,B2C
1434,2025-06-01,Nothing,Furniture,Leeds,1284.17,415.04,9,B2B
1435,2024-04-14,Effort,Clothing,Liverpool,184.61,189.14,2,B2C
1436,2024-01-10,Question,Sports,London,61.05,183.31,9,B2C
1437,2023-01-22,Today,Electronics,Manchester,1877.33,158.21,2,B2B
1438,2025-01-19,Yeah,Toys,Leeds,1652.76,487.93,9,B2B
1439,2024-10-31,Power,Clothing,Manchester,1627.91,93.36,6,B2B
1440,2023-02-07,Himself,Furniture,London,1774.63,450.14,9,B2B
1441,2023-08-18,Occur,Furniture,Leeds,1415.07,390.63,6,B2C
1442,2023-12-31,Forget,Clothing,Manchester,253.59,47.48,6,B2B
1443,2024-07-16,Result,Furniture,Birmingham,828.25,493.5,2,B2C
1444,2024-03-13,Somebody,Sports,London,1460.14,142.97,8,B2C
1445,2025-02-14,Prepare,Electronics,London,596.65,58.31,3,B2C
1446,2023-10-10,Care,Sports,London,1390.44,416.36,7,B2C
1447,2023-01-27,Service,Furniture,Birmingham,97.77,356.27,5,B2C
1448,2023-08-14,Debate,Toys,Birmingham,646.97,312.44,3,B2B
1449,2023-10-04,Agent,Electronics,Liverpool,1120.8,86.43,1,B2C
1450,2025-03-08,Measure,Electronics,Manchester,1282.58,244.46,8,B2C
1451,2024-08-31,Age,Clothing,Liverpool,1175.23,392.47,3,B2B
1452,2023-10-11,Stock,Clothing,Manchester,1410.62,158.78,2,B2B
1453,2025-05-28,Entire,Toys,Birmingham,61.87,162.73,1,B2C
1454,2025-08-17,Join,Electronics,Birmingham,246.84,11.54,4,B2C
1455,2024-04-25,Success,Toys,Liverpool,1744.44,95.38,8,B2B
1456,2024-03-28,Staff,Clothing,Leeds,1379.41,438.95,3,B2C
1457,2025-04-08,Remain,Clothing,Liverpool,270.22,226.46,1,B2B
1458,2025-03-26,History,Electronics,Manchester,1692.05,492.27,4,B2B
1459,2024-10-20,Matter,Sports,Liverpool,522.35,203.9,9,B2C
1460,2024-05-30,People,Furniture,London,982.61,360.44,1,B2B
1461,2024-06-30,Simple,Clothing,Manchester,333.13,148.14,2,B2C
1462,2023-07-11,Citizen,Clothing,Manchester,1434.71,188.27,9,B2C
1463,2023-02-18,Several,Sports,Leeds,1350.37,103.46,2,B2C
1464,2024-05-26,Deep,Sports,Birmingham,461.67,180.06,3,B2B
1465,2023-01-17,Figure,Toys,Manchester,1733.63,278.15,7,B2C
1466,2023-06-21,Window,Toys,Birmingham,832.55,495.97,3,B2B
1467,2023-08-08,Land,Furniture,Liverpool,620.4,335.46,9,B2C
1468,2023-06-07,People,Furniture,London,347.04,107.63,6,B2C
1469,2024-04-21,South,Electronics,Leeds,569.03,32.03,3,B2B
1470,2023-02-15,Price,Toys,Birmingham,92.95,71.91,9,B2C
1471,2024-01-08,Father,Clothing,Manchester,1187.35,285.65,1,B2C
1472,2024-06-01,Few,Toys,Birmingham,1692.35,384.93,3,B2B
1473,2023-04-09,Break,Clothing,Manchester,1120.51,470.81,1,B2B
1474,2025-06-10,Market,Sports,Birmingham,477.58,17.75,2,B2B
1475,2025-01-14,Environment,Toys,Manchester,115.65,266.15,8,B2C
1476,2023-02-06,Thank,Sports,Liverpool,468.52,240.73,7,B2B
1477,2023-10-07,Develop,Furniture,Manchester,861.44,331.47,2,B2B
1478,2023-12-15,Operation,Furniture,Manchester,1531.24,284.19,2,B2C
1479,2024-05-11,Family,Electronics,London,416.29,346.65,9,B2B
1480,2023-10-29,Both,Toys,Manchester,1453.59,332.46,6,B2C
1481,2023-06-30,Move,Sports,London,1740.52,67.34,5,B2C
1482,2024-08-29,Cold,Clothing,Leeds,935.2,401.86,6,B2B
1483,2023-04-09,Action,Furniture,London,1651.79,70.38,9,B2C
1484,2024-11-30,Someone,Furniture,Liverpool,1131.58,352.28,7,B2B
1485,2025-09-19,Order,Clothing,London,1292.33,213.91,9,B2B
1486,2023-04-26,Run,Sports,Leeds,1076.24,261.79,4,B2B
1487,2023-07-10,Art,Sports,Liverpool,953.19,452.62,2,B2B
1488,2023-09-10,Approach,Toys,Birmingham,507.57,446.04,8,B2C
1489,2025-09-07,Water,Toys,Birmingham,641.23,410.75,4,B2C
1490,2025-07-16,Local,Electronics,London,615.44,259.97,9,B2B
1491,2025-09-09,Listen,Furniture,London,1148.41,370.76,4,B2B
1492,2023-06-10,Investment,Toys,Leeds,283.91,261.32,8,B2C
1493,2023-09-13,Manage,Sports,Leeds,1837.74,436.11,9,B2B
1494,2023-11-19,Son,Clothing,Manchester,1455.28,207.36,9,B2C
1495,2023-05-08,Place,Sports,Leeds,832.82,485.42,4,B2B
1496,2023-01-18,Gas,Furniture,Manchester,359.32,466.84,1,B2C
1497,2025-03-03,Left,Sports,Liverpool,1769.88,373.39,3,B2C
1498,2025-01-04,Language,Electronics,London,1656.37,146.91,9,B2C
1499,2024-07-19,Security,Furniture,Liverpool,1457.36,74.51,4,B2B
1500,2024-07-23,Something,Clothing,Leeds,579.52,428.8,5,B2B
1501,2023-11-19,Minute,Electronics,Liverpool,834.77,91.0,7,B2B
1502,2025-05-21,Floor,Furniture,Liverpool,250.36,428.59,5,B2B
1503,2024-11-16,Occur,Clothing,Liverpool,418.63,250.47,4,B2B
1504,2025-03-02,Enter,Electronics,Leeds,1576.88,209.21,2,B2C
1505,2024-09-17,His,Electronics,Liverpool,1444.33,452.56,2,B2C
1506,2023-10-15,Guess,Furniture,Manchester,1207.3,305.89,4,B2C
1507,2025-07-31,Power,Toys,Leeds,1796.67,292.54,9,B2C
1508,2025-05-03,Sit,Electronics,Liverpool,1187.37,283.8,8,B2C
1509,2024-10-24,Defense,Electronics,Leeds,960.59,191.87,3,B2C
1510,2025-08-19,So,Clothing,Birmingham,713.72,394.97,9,B2C
1511,2024-09-30,Option,Sports,Manchester,1883.87,133.87,5,B2B
1512,2023-06-04,Choose,Furniture,Liverpool,211.3,470.06,3,B2C
1513,2024-05-04,Today,Furniture,Birmingham,1865.23,448.05,5,B2B
1514,2024-01-21,Wonder,Toys,Birmingham,1662.09,175.37,4,B2C
1515,2025-09-12,Long,Toys,Leeds,303.36,367.44,8,B2C
1516,2025-02-23,See,Furniture,Birmingham,1151.72,290.88,5,B2B
1517,2023-04-14,Official,Toys,Manchester,1739.77,175.45,8,B2C
1518,2025-07-17,Network,Clothing,Manchester,1165.03,494.38,9,B2B
1519,2024-01-28,Off,Furniture,London,1819.04,22.37,4,B2C
1520,2025-03-21,Conference,Toys,Manchester,1888.82,133.8,7,B2B
1521,2023-09-03,Prove,Furniture,Birmingham,873.65,264.84,2,B2C
1522,2023-06-25,Mention,Sports,Manchester,785.76,265.76,6,B2B
1523,2023-02-08,Message,Electronics,Leeds,1875.83,298.58,8,B2B
1524,2024-04-21,Purpose,Furniture,London,1366.52,378.32,7,B2C
1525,2024-11-12,Not,Electronics,Birmingham,276.24,315.5,7,B2C
1526,2025-01-28,Side,Toys,London,132.47,304.14,8,B2B
1527,2024-06-21,Address,Electronics,Birmingham,1151.03,36.22,7,B2C
1528,2025-05-16,Bed,Furniture,Leeds,1863.83,194.5,5,B2B
1529,2025-03-28,Between,Sports,London,1696.28,123.71,7,B2C
1530,2025-07-09,Stay,Toys,Liverpool,1367.9,140.03,3,B2B
1531,2024-02-12,Sometimes,Furniture,Birmingham,321.28,281.63,5,B2C
1532,2024-06-08,Real,Toys,Liverpool,545.75,107.76,7,B2B
1533,2025-04-07,Reason,Clothing,London,1757.25,154.04,9,B2C
1534,2024-05-20,Ahead,Electronics,Liverpool,406.47,126.17,2,B2B
1535,2025-06-21,Dog,Clothing,Liverpool,592.96,474.77,4,B2B
1536,2025-04-04,Help,Furniture,London,302.72,472.89,7,B2C
1537,2023-02-05,Field,Sports,Leeds,1368.41,308.87,1,B2C
1538,2024-11-15,Even,Toys,Liverpool,1890.77,463.02,2,B2B
1539,2023-01-20,Fund,Electronics,Liverpool,574.49,395.05,9,B2B
1540,2023-11-17,Person,Toys,Leeds,977.04,299.07,7,B2B
1541,2025-02-14,Message,Furniture,Liverpool,1286.96,13.15,7,B2B
1542,2024-05-26,Stay,Toys,Liverpool,1998.96,388.53,6,B2C
1543,2024-02-04,Body,Electronics,Liverpool,254.38,354.22,3,B2B
1544,2024-10-15,Piece,Furniture,Manchester,1022.21,311.47,3,B2B
1545,2025-08-29,Away,Toys,Leeds,800.98,382.61,2,B2B
1546,2025-06-01,Create,Sports,Liverpool,1738.35,261.33,6,B2C
1547,2024-04-15,Out,Furniture,Leeds,978.14,355.0,4,B2B
1548,2023-05-23,Production,Furniture,Birmingham,266.41,468.23,5,B2C
1549,2023-04-02,Role,Sports,Birmingham,1287.13,194.14,3,B2C
1550,2023-12-20,Drop,Clothing,Liverpool,1553.02,356.98,6,B2C
1551,2025-04-13,Public,Electronics,Leeds,55.62,243.09,3,B2C
1552,2025-03-10,Officer,Clothing,Leeds,1724.97,340.46,8,B2C
1553,2024-12-27,Suddenly,Toys,Leeds,412.74,383.82,9,B2C
1554,2025-08-16,Across,Sports,Manchester,1126.54,32.27,4,B2C
1555,2025-05-03,Start,Clothing,Birmingham,860.81,326.83,9,B2B
1556,2023-02-20,Long,Furniture,Leeds,1453.32,121.1,7,B2B
1557,2024-10-26,Operation,Toys,Leeds,773.77,338.32,3,B2C
1558,2024-11-28,Beyond,Toys,Manchester,1746.04,239.48,7,B2B
1559,2024-07-28,Thank,Clothing,Manchester,1474.47,389.04,1,B2B
1560,2023-07-09,Race,Clothing,Leeds,1313.04,70.47,3,B2C
1561,2023-05-05,Middle,Sports,London,1602.67,316.9,6,B2B
1562,2023-05-30,Tonight,Electronics,Leeds,1520.34,146.45,4,B2C
1563,2023-11-10,Us,Clothing,Leeds,120.08,427.96,7,B2B
1564,2024-07-23,Position,Clothing,Manchester,819.73,464.91,3,B2C
1565,2023-12-08,Spend,Furniture,Manchester,1865.07,498.24,1,B2C
1566,2023-11-01,Decade,Toys,Leeds,295.16,400.04,9,B2B
1567,2024-11-22,Responsibility,Electronics,Leeds,1487.34,379.33,6,B2B
1568,2024-11-12,Power,Furniture,Leeds,1950.45,115.6,8,B2C
1569,2025-04-17,Week,Sports,Manchester,151.79,174.64,3,B2C
1570,2025-02-21,Military,Sports,Leeds,1380.28,238.18,8,B2C
1571,2023-02-23,Fire,Clothing,Leeds,962.9,388.96,2,B2B
1572,2024-03-19,None,Clothing,Liverpool,1179.39,458.33,4,B2B
1573,2024-09-04,Approach,Sports,London,216.42,102.68,3,B2B
1574,2025-09-19,Rich,Clothing,Birmingham,133.86,461.96,1,B2B
1575,2023-09-21,Friend,Electronics,London,1350.39,350.86,7,B2C
1576,2023-02-22,Computer,Clothing,Liverpool,1655.45,309.28,2,B2C
1577,2024-07-25,Pick,Toys,Birmingham,1574.93,107.92,4,B2C
1578,2024-09-11,Traditional,Clothing,Leeds,1110.42,37.21,9,B2C
1579,2023-01-05,Computer,Furniture,Liverpool,244.74,288.55,6,B2B
1580,2023-04-13,Election,Electronics,Leeds,1391.69,329.24,8,B2C
1581,2023-07-15,Since,Furniture,Manchester,521.68,113.28,2,B2C
1582,2025-02-12,Language,Furniture,Liverpool,1826.58,282.66,7,B2B
1583,2025-05-26,Concern,Toys,Manchester,1684.62,429.68,6,B2B
1584,2025-09-18,Rich,Electronics,Liverpool,1433.3,419.18,9,B2C
1585,2025-06-02,Series,Electronics,Liverpool,1900.25,464.4,7,B2B
1586,2023-12-16,Democrat,Electronics,Manchester,111.27,189.28,1,B2C
1587,2023-02-16,Enjoy,Electronics,Birmingham,1485.59,165.84,8,B2B
1588,2025-05-16,Fear,Electronics,London,693.97,377.22,3,B2B
1589,2025-04-02,Nor,Toys,Leeds,1816.83,221.25,2,B2C
1590,2025-07-24,Floor,Clothing,Liverpool,570.02,52.9,3,B2B
1591,2025-03-30,Must,Furniture,Leeds,1463.47,148.57,6,B2C
1592,2024-10-17,Number,Electronics,Manchester,1761.41,215.11,3,B2B
1593,2023-09-26,Attorney,Clothing,Leeds,131.23,153.33,5,B2B
1594,2024-01-05,Oil,Clothing,Manchester,825.41,172.78,6,B2B
1595,2024-09-27,Sport,Furniture,Leeds,1536.5,153.95,8,B2B
1596,2023-04-16,Health,Toys,London,937.09,30.33,7,B2B
1597,2024-10-31,Ten,Sports,London,571.14,322.18,8,B2C
1598,2024-10-20,Factor,Sports,London,478.62,302.67,3,B2B
1599,2024-10-18,Manager,Clothing,London,306.46,330.16,4,B2C
1600,2023-04-30,Republican,Furniture,London,1721.4,104.23,6,B2B
1601,2025-04-10,Then,Sports,London,1171.94,154.87,7,B2C
1602,2025-02-25,Reality,Clothing,Manchester,198.95,313.61,9,B2B
1603,2024-08-26,They,Toys,Liverpool,796.03,303.82,1,B2C
1604,2023-02-27,New,Sports,Leeds,767.08,258.1,8,B2C
1605,2025-08-08,Program,Clothing,London,404.39,181.7,8,B2B
1606,2023-12-12,Of,Clothing,Manchester,899.24,457.34,6,B2B
1607,2025-01-10,Radio,Electronics,Manchester,697.59,176.49,4,B2B
1608,2024-04-18,Young,Toys,Manchester,716.52,233.25,3,B2C
1609,2023-04-27,Good,Electronics,Liverpool,1491.1,342.28,3,B2C
1610,2025-04-09,Similar,Furniture,Leeds,485.36,276.08,6,B2B
1611,2025-03-01,Employee,Electronics,Liverpool,1301.63,179.97,8,B2B
1612,2023-05-07,Total,Electronics,Birmingham,1162.77,223.47,7,B2C
1613,2024-01-28,Still,Sports,Manchester,1157.78,399.3,1,B2C
1614,2025-06-26,Talk,Clothing,Birmingham,1342.86,146.28,6,B2B
1615,2024-10-02,Reason,Toys,London,1119.34,79.71,7,B2C
1616,2023-02-27,Environment,Electronics,London,1764.55,163.45,7,B2B
1617,2024-09-25,Action,Toys,Liverpool,1367.38,426.27,9,B2B
1618,2024-05-27,Year,Electronics,Leeds,1116.58,53.6,5,B2B
1619,2025-01-20,Maintain,Furniture,Birmingham,1668.04,495.93,1,B2C
1620,2025-03-12,Improve,Electronics,Leeds,1231.99,275.09,2,B2C
1621,2023-04-06,Activity,Sports,Liverpool,617.73,492.57,4,B2C
1622,2024-09-29,Mother,Clothing,London,453.84,470.11,5,B2C
1623,2023-04-28,Fish,Furniture,Leeds,347.04,231.88,9,B2B
1624,2024-07-13,That,Electronics,Leeds,1803.94,107.26,1,B2C
1625,2024-08-23,Voice,Toys,London,1434.76,90.79,3,B2B
1626,2024-05-02,Break,Furniture,Birmingham,1877.89,127.59,5,B2B
1627,2023-08-25,Watch,Furniture,London,1226.42,357.96,3,B2B
1628,2025-06-03,Field,Electronics,Leeds,973.13,143.75,4,B2C
1629,2025-06-15,Stop,Furniture,Birmingham,166.45,177.3,3,B2B
1630,2023-09-29,War,Toys,Birmingham,1359.7,229.9,4,B2B
1631,2023-07-08,Stay,Furniture,London,1185.31,457.48,1,B2C
1632,2025-09-25,Exactly,Toys,Leeds,1980.91,102.8,8,B2B
1633,2024-12-04,Contain,Electronics,Liverpool,516.36,12.46,4,B2C
1634,2024-03-22,Born,Clothing,Leeds,1084.94,39.45,7,B2C
1635,2024-08-03,That,Furniture,Manchester,1319.37,453.34,2,B2C
1636,2025-02-28,Ready,Clothing,Liverpool,1306.95,327.28,2,B2B
1637,2025-05-10,Available,Toys,Birmingham,1144.52,143.79,6,B2C
1638,2023-09-04,Whole,Furniture,Liverpool,1565.01,96.82,2,B2C
1639,2025-08-20,Past,Sports,Birmingham,449.71,154.19,6,B2C
1640,2023-03-17,Body,Clothing,Birmingham,1464.97,66.25,2,B2C
1641,2023-06-03,How,Furniture,Liverpool,1258.48,471.35,4,B2B
1642,2024-10-17,Brother,Clothing,Birmingham,1797.35,394.26,7,B2C
1643,2024-03-10,Finish,Furniture,Birmingham,1702.03,236.57,8,B2B
1644,2025-09-23,Into,Electronics,Manchester,664.54,433.83,3,B2C
1645,2023-03-27,Evidence,Clothing,Leeds,588.66,132.23,9,B2B
1646,2024-11-27,Big,Sports,Leeds,1964.22,361.39,2,B2C
1647,2023-10-12,Condition,Sports,Manchester,1078.17,429.5,8,B2B
1648,2025-08-31,Away,Toys,Liverpool,1817.52,184.82,8,B2C
1649,2023-08-08,Life,Furniture,London,369.57,381.16,4,B2B
1650,2023-03-10,Red,Clothing,London,1303.5,154.59,1,B2B
1651,2023-02-16,Word,Toys,London,1629.23,156.44,1,B2B
1652,2023-04-04,Management,Clothing,Manchester,1897.42,62.46,2,B2C
1653,2025-01-19,Policy,Furniture,Manchester,707.81,225.63,9,B2B
1654,2025-08-15,Bit,Sports,Birmingham,1463.71,367.56,2,B2B
1655,2024-03-28,Simply,Electronics,London,1100.69,470.71,2,B2B
1656,2023-07-23,Care,Sports,Liverpool,168.23,305.86,6,B2B
1657,2025-06-30,Until,Toys,Liverpool,1395.5,432.94,7,B2C
1658,2023-08-06,Every,Electronics,London,1395.69,413.02,7,B2B
1659,2024-04-18,Its,Toys,London,1864.68,94.94,9,B2B
1660,2024-03-07,Myself,Furniture,London,1019.76,248.05,6,B2B
1661,2023-12-07,Run,Electronics,Manchester,498.99,67.29,8,B2C
1662,2024-07-04,Manager,Toys,Manchester,136.9,344.26,6,B2B
1663,2024-09-03,Cover,Furniture,Manchester,860.5,475.45,2,B2B
1664,2023-10-16,Political,Sports,Leeds,638.74,77.17,1,B2B
1665,2023-09-11,Night,Furniture,Liverpool,1534.12,369.6,5,B2B
1666,2025-01-03,Not,Clothing,Liverpool,740.82,319.8,9,B2C
1667,2023-12-23,Service,Furniture,Birmingham,1900.69,295.97,8,B2B
1668,2023-01-23,Employee,Furniture,Manchester,1926.5,201.16,4,B2B
1669,2025-01-31,Among,Clothing,Leeds,1260.77,184.01,5,B2C
1670,2024-06-05,Local,Toys,Leeds,1860.89,32.17,5,B2C
1671,2025-01-27,Create,Toys,Liverpool,1533.67,116.78,6,B2C
1672,2025-04-16,Street,Furniture,Manchester,1116.38,17.44,3,B2B
1673,2023-04-10,Present,Clothing,Birmingham,401.6,294.89,5,B2C
1674,2025-03-12,Listen,Clothing,Manchester,944.27,61.87,2,B2B
1675,2023-06-29,Senior,Sports,London,1143.71,437.78,1,B2C
1676,2023-08-11,Next,Toys,Manchester,1734.73,266.34,1,B2B
1677,2025-06-24,Their,Electronics,London,988.6,352.85,7,B2C
1678,2025-01-31,Member,Toys,London,1800.47,211.32,2,B2B
1679,2024-10-20,Cell,Toys,Birmingham,1364.98,284.68,4,B2C
1680,2024-03-17,Response,Sports,Liverpool,317.15,471.9,5,B2B
1681,2024-08-30,Court,Electronics,Manchester,1990.21,50.54,7,B2B
1682,2025-02-07,Whom,Sports,London,1078.1,134.43,2,B2B
1683,2023-11-21,Research,Electronics,Manchester,814.12,392.19,6,B2B
1684,2024-05-30,Matter,Furniture,Liverpool,1335.27,58.38,1,B2B
1685,2023-01-16,Right,Electronics,Liverpool,262.34,47.07,7,B2B
1686,2025-03-02,Answer,Sports,Leeds,1291.25,187.16,9,B2B
1687,2023-12-02,Firm,Toys,Liverpool,1021.56,55.16,5,B2B
1688,2025-01-28,Reflect,Electronics,Birmingham,843.01,296.69,5,B2C
1689,2023-09-15,Into,Electronics,London,1908.39,120.87,4,B2B
1690,2024-05-11,Must,Clothing,Leeds,1068.95,448.89,3,B2B
1691,2025-09-14,Say,Toys,Birmingham,477.28,393.92,9,B2C
1692,2025-06-14,Agent,Furniture,Manchester,944.98,352.86,5,B2B
1693,2023-06-09,Environmental,Sports,London,1842.81,312.3,8,B2C
1694,2024-04-19,Table,Furniture,Liverpool,393.39,433.1,9,B2B
1695,2025-05-01,Draw,Toys,London,467.22,119.3,5,B2C
1696,2024-10-25,Great,Electronics,Manchester,75.41,437.82,9,B2C
1697,2025-06-26,Consumer,Electronics,Leeds,77.67,396.85,2,B2B
1698,2024-11-20,Forget,Toys,Leeds,1667.31,376.6,9,B2C
1699,2024-11-05,Ready,Electronics,Leeds,1477.64,285.02,4,B2B
1700,2024-01-15,Run,Electronics,Liverpool,742.33,130.66,6,B2B
1701,2024-06-28,Police,Electronics,Birmingham,1411.71,217.54,6,B2B
1702,2025-07-17,Shake,Sports,Birmingham,820.65,398.85,6,B2B
1703,2025-08-14,Study,Sports,London,1908.15,25.57,2,B2C
1704,2024-11-21,Story,Clothing,Liverpool,1935.75,393.2,7,B2B
1705,2024-03-02,Full,Furniture,Leeds,815.95,127.63,6,B2C
1706,2024-09-04,Forward,Toys,Leeds,1715.73,80.71,1,B2C
1707,2023-09-25,Part,Toys,Manchester,1557.52,66.69,2,B2B
1708,2025-04-14,Eat,Toys,Manchester,654.5,23.35,7,B2B
1709,2024-07-30,Cold,Clothing,Leeds,502.48,266.56,1,B2B
1710,2024-02-21,Civil,Sports,Leeds,943.56,116.95,1,B2B
1711,2023-06-17,Plant,Clothing,Liverpool,1573.63,494.82,1,B2C
1712,2025-04-21,Beyond,Toys,Birmingham,1922.33,291.47,8,B2B
1713,2023-02-12,Form,Furniture,Manchester,1538.98,77.56,4,B2C
1714,2024-07-09,Stuff,Electronics,Birmingham,1717.65,347.49,4,B2B
1715,2023-10-12,Behavior,Sports,Liverpool,1225.98,449.89,2,B2B
1716,2024-02-01,Among,Sports,Leeds,1679.05,375.14,1,B2B
1717,2023-01-12,Book,Clothing,Birmingham,1579.62,47.46,9,B2B
1718,2024-08-29,Above,Sports,Leeds,785.12,448.98,7,B2C
1719,2023-10-29,Student,Toys,Leeds,1126.38,399.03,4,B2C
1720,2025-06-16,Matter,Toys,London,1619.27,87.57,6,B2B
1721,2023-09-10,To,Clothing,Birmingham,139.81,35.38,2,B2C
1722,2024-05-13,Director,Toys,Birmingham,1625.75,283.08,7,B2C
1723,2025-01-23,Point,Furniture,Leeds,396.88,86.46,2,B2B
1724,2023-02-04,Baby,Clothing,Liverpool,1053.63,418.95,8,B2B
1725,2024-12-27,Strong,Furniture,London,1626.14,185.58,8,B2C
1726,2025-04-28,Situation,Electronics,Leeds,544.95,457.32,1,B2C
1727,2023-03-31,Mind,Furniture,Manchester,529.32,287.19,8,B2C
1728,2025-02-14,Answer,Electronics,Manchester,835.39,99.51,2,B2C
1729,2024-08-27,Lot,Electronics,London,1794.55,78.4,6,B2B
1730,2025-07-10,Listen,Furniture,Liverpool,50.86,292.47,1,B2B
1731,2025-08-27,Whose,Clothing,Leeds,1807.7,383.32,5,B2C
1732,2024-08-24,Theory,Toys,Birmingham,349.92,392.94,7,B2B
1733,2024-02-22,Step,Toys,London,1980.67,145.12,1,B2C
1734,2023-04-25,Let,Electronics,Liverpool,1911.95,110.08,2,B2C
1735,2024-09-08,Too,Electronics,Birmingham,1014.62,18.21,7,B2B
1736,2025-06-21,Movie,Clothing,Manchester,1049.8,342.81,6,B2C
1737,2023-07-15,Different,Sports,Manchester,989.02,47.52,3,B2C
1738,2025-04-05,Attention,Furniture,Birmingham,1289.12,216.17,2,B2B
1739,2024-05-15,Again,Electronics,London,226.91,304.82,4,B2B
1740,2024-09-17,World,Toys,Manchester,113.6,469.18,3,B2C
1741,2024-05-07,Phone,Clothing,Leeds,162.52,162.78,7,B2C
1742,2023-03-16,May,Furniture,Birmingham,916.51,132.39,8,B2B
1743,2024-02-17,Perform,Clothing,Birmingham,587.32,330.54,2,B2C
1744,2024-01-11,Head,Furniture,Manchester,1262.98,313.43,7,B2C
1745,2024-02-24,On,Furniture,London,1985.26,172.73,8,B2B
1746,2024-12-29,Front,Electronics,Leeds,803.33,464.77,6,B2B
1747,2023-10-04,Peace,Clothing,London,1168.99,423.98,6,B2B
1748,2025-01-30,Add,Clothing,Liverpool,860.43,119.75,1,B2B
1749,2024-11-06,Often,Toys,Liverpool,1702.18,127.18,4,B2B
1750,2024-01-29,Ago,Toys,Manchester,1809.36,261.03,1,B2B
1751,2025-05-18,Find,Electronics,Manchester,1760.84,389.05,4,B2C
1752,2024-04-01,Value,Electronics,Manchester,1950.03,31.58,2,B2C
1753,2025-07-08,Seat,Sports,Liverpool,103.66,349.73,5,B2B
1754,2023-07-11,Value,Toys,London,1687.64,327.64,9,B2B
1755,2025-01-08,Box,Furniture,London,1515.96,123.43,3,B2C
1756,2024-11-19,His,Clothing,Manchester,495.95,343.86,8,B2C
1757,2023-04-09,Be,Electronics,Leeds,1914.82,470.69,3,B2C
1758,2024-07-01,Usually,Clothing,London,338.95,32.93,6,B2B
1759,2025-09-04,Let,Clothing,Liverpool,1375.12,166.63,4,B2B
1760,2025-09-25,Very,Sports,Birmingham,488.54,224.71,8,B2C
1761,2023-04-06,Great,Toys,Birmingham,891.19,450.64,6,B2B
1762,2024-10-25,Town,Electronics,Birmingham,1452.36,481.51,8,B2B
1763,2024-10-24,Per,Clothing,Leeds,1148.48,227.62,1,B2B
1764,2023-07-09,Own,Electronics,Manchester,883.63,377.51,6,B2C
1765,2025-01-05,Physical,Furniture,Liverpool,686.36,270.51,1,B2C
1766,2023-02-06,Thing,Sports,Leeds,1687.34,273.51,1,B2B
1767,2025-02-18,Like,Furniture,Liverpool,330.44,146.27,8,B2B
1768,2024-01-04,Clearly,Electronics,Liverpool,888.7,116.31,7,B2B
1769,2024-11-25,Seat,Electronics,Manchester,1812.33,151.12,3,B2B
1770,2024-06-08,Operation,Toys,Birmingham,1699.41,282.6,6,B2B
1771,2023-10-06,Arm,Clothing,Manchester,831.84,24.29,9,B2C
1772,2023-08-05,Cultural,Clothing,Leeds,1538.06,454.55,7,B2B
1773,2025-05-16,Brother,Furniture,Leeds,1655.16,86.58,3,B2B
1774,2025-05-22,Happy,Sports,Leeds,1783.33,117.84,6,B2B
1775,2025-03-08,And,Clothing,Manchester,1111.79,263.96,4,B2C
1776,2023-09-30,Girl,Toys,Liverpool,448.7,357.96,3,B2C
1777,2025-05-30,Beautiful,Furniture,Liverpool,547.85,56.91,9,B2B
1778,2023-03-03,Person,Furniture,London,626.6,165.67,2,B2C
1779,2024-08-18,Establish,Toys,Leeds,1207.91,484.65,1,B2C
1780,2025-05-29,Important,Sports,Liverpool,113.98,138.55,2,B2C
1781,2024-12-29,Catch,Toys,London,1290.28,163.39,7,B2C
1782,2023-12-08,We,Sports,Liverpool,760.49,419.88,1,B2C
1783,2024-02-01,Shoulder,Toys,Leeds,625.72,34.61,6,B2C
1784,2024-11-29,Degree,Toys,Birmingham,1765.02,237.66,7,B2B
1785,2023-01-19,Write,Electronics,Leeds,947.0,196.01,9,B2C
1786,2023-06-26,New,Furniture,Manchester,235.35,165.13,8,B2C
1787,2024-09-03,Hot,Toys,Liverpool,1662.16,149.99,6,B2B
1788,2024-01-31,Add,Toys,Liverpool,142.9,54.77,3,B2B
1789,2024-03-20,Understand,Clothing,Manchester,1467.16,164.26,8,B2B
1790,2023-08-21,Power,Furniture,Manchester,1559.12,31.1,7,B2B
1791,2025-07-03,In,Clothing,Birmingham,737.58,392.67,3,B2C
1792,2023-03-17,Wind,Furniture,Liverpool,1658.34,205.13,9,B2C
1793,2023-09-22,Various,Clothing,Liverpool,1055.54,227.51,2,B2C
1794,2024-03-30,Own,Toys,Birmingham,953.42,447.86,3,B2C
1795,2025-03-06,Truth,Toys,London,138.54,332.45,2,B2B
1796,2024-12-18,Human,Electronics,Birmingham,615.56,13.95,1,B2C
1797,2025-01-04,Apply,Clothing,Leeds,1865.47,472.16,4,B2C
1798,2024-01-19,Those,Sports,Liverpool,814.06,126.2,5,B2B
1799,2024-07-17,Then,Electronics,Manchester,1116.07,62.73,6,B2C
1800,2025-04-30,Really,Clothing,Leeds,1087.44,386.38,5,B2C
1801,2024-05-20,Material,Clothing,Liverpool,1201.34,255.23,1,B2C
1802,2024-01-02,Arm,Electronics,Birmingham,169.6,222.55,3,B2C
1803,2023-05-24,Sometimes,Toys,Leeds,756.24,132.26,1,B2B
1804,2025-06-03,Fire,Clothing,Liverpool,1460.1,278.26,5,B2B
1805,2023-03-10,Laugh,Toys,London,441.09,144.45,5,B2B
1806,2023-04-09,Information,Electronics,London,446.98,451.78,6,B2B
1807,2024-01-31,Development,Toys,Manchester,69.68,115.45,8,B2B
1808,2023-01-25,Especially,Furniture,Liverpool,903.09,443.33,1,B2C
1809,2025-08-05,Kitchen,Sports,London,1771.33,284.11,4,B2C
1810,2025-06-09,We,Clothing,Birmingham,151.21,415.96,1,B2B
1811,2024-04-13,Another,Sports,Liverpool,422.68,359.29,9,B2B
1812,2024-04-28,Reason,Toys,Birmingham,654.66,351.38,7,B2B
1813,2024-07-18,Film,Clothing,Birmingham,1476.86,168.93,7,B2C
1814,2023-05-31,Contain,Toys,London,1299.24,124.61,5,B2B
1815,2023-05-24,Sing,Furniture,Liverpool,861.09,113.33,7,B2C
1816,2024-07-22,Difference,Electronics,Leeds,1530.18,430.02,2,B2C
1817,2023-02-08,Sort,Clothing,London,1238.78,412.01,4,B2C
1818,2023-04-19,Put,Furniture,London,1797.28,225.88,7,B2C
1819,2024-11-23,Idea,Furniture,Liverpool,1645.15,74.88,3,B2B
1820,2023-02-11,Indicate,Clothing,Liverpool,542.99,197.3,2,B2C
1821,2023-07-05,Add,Toys,Birmingham,579.31,313.48,2,B2C
1822,2025-07-23,Time,Furniture,Liverpool,294.45,232.66,1,B2B
1823,2024-02-02,Night,Sports,Birmingham,707.08,392.29,5,B2C
1824,2023-08-11,Charge,Furniture,London,1999.11,498.84,6,B2C
1825,2024-09-25,Top,Toys,Manchester,841.21,103.65,6,B2C
1826,2023-05-13,Gun,Toys,Leeds,479.95,235.23,9,B2B
1827,2023-06-12,Senior,Sports,London,1536.84,221.18,4,B2C
1828,2023-08-03,Should,Furniture,Liverpool,1107.82,159.2,1,B2C
1829,2025-01-02,None,Toys,Leeds,341.72,107.07,6,B2B
1830,2023-08-23,Mission,Clothing,Manchester,792.34,42.19,5,B2B
1831,2025-04-22,Education,Electronics,Manchester,858.22,444.69,6,B2C
1832,2024-10-19,After,Electronics,Birmingham,1519.97,215.73,3,B2C
1833,2025-01-20,Smile,Electronics,Leeds,90.31,253.48,2,B2B
1834,2024-08-10,Me,Furniture,Birmingham,574.59,459.3,6,B2C
1835,2023-01-09,Ask,Sports,London,1059.31,390.38,1,B2B
1836,2023-03-15,Chair,Toys,Leeds,574.25,73.95,7,B2C
1837,2025-08-11,Night,Clothing,London,1275.45,287.06,7,B2B
1838,2024-05-06,Sign,Clothing,Birmingham,989.64,226.7,7,B2C
1839,2025-07-01,Single,Furniture,Leeds,755.33,400.63,1,B2B
1840,2023-09-10,Fish,Electronics,Birmingham,1900.96,364.87,4,B2B
1841,2023-08-18,News,Furniture,Leeds,1282.71,348.3,7,B2B
1842,2024-06-02,Forward,Sports,Birmingham,303.39,176.87,9,B2B
1843,2023-06-23,Question,Sports,Manchester,1142.18,404.43,5,B2B
1844,2024-10-14,Four,Toys,Birmingham,1572.43,35.67,2,B2C
1845,2023-06-17,Approach,Toys,Manchester,1431.55,88.22,7,B2C
1846,2023-06-19,Baby,Sports,Birmingham,385.57,174.46,1,B2B
1847,2024-01-28,Peace,Sports,Leeds,1946.22,47.64,7,B2C
1848,2025-08-03,Practice,Sports,Leeds,925.19,125.15,6,B2C
1849,2025-03-05,Military,Furniture,Leeds,360.1,416.77,7,B2C
1850,2024-09-25,My,Sports,Liverpool,401.38,474.64,3,B2C
1851,2023-07-13,Across,Clothing,London,241.56,159.26,3,B2C
1852,2024-05-31,Own,Electronics,Leeds,1616.86,139.61,7,B2C
1853,2023-01-29,Defense,Sports,Manchester,287.96,147.15,2,B2B
1854,2023-06-14,Social,Electronics,Leeds,293.99,146.08,1,B2C
1855,2024-02-26,Social,Furniture,Liverpool,1708.42,27.61,9,B2C
1856,2023-12-05,Television,Electronics,Manchester,721.98,464.19,9,B2C
1857,2024-10-09,Assume,Furniture,Liverpool,110.17,114.71,7,B2B
1858,2024-05-10,Yourself,Clothing,Manchester,151.2,215.8,7,B2C
1859,2023-12-31,Order,Furniture,Birmingham,327.23,14.75,3,B2C
1860,2025-04-12,Early,Furniture,London,466.12,430.4,2,B2C
1861,2023-12-08,Adult,Toys,London,1347.04,368.27,7,B2B
1862,2024-05-14,Hot,Sports,Liverpool,356.79,473.91,9,B2C
1863,2024-10-18,Security,Sports,London,281.81,392.99,1,B2B
1864,2024-05-25,Station,Clothing,Liverpool,1541.2,163.72,4,B2C
1865,2023-11-23,Morning,Clothing,Liverpool,1358.56,131.46,6,B2B
1866,2023-08-05,Raise,Sports,Liverpool,898.88,351.88,7,B2B
1867,2023-10-28,Push,Toys,London,1121.15,188.42,7,B2B
1868,2023-05-12,Not,Sports,Liverpool,658.37,287.45,2,B2C
1869,2025-03-14,Many,Toys,London,990.88,13.07,4,B2B
1870,2023-03-11,Call,Clothing,Liverpool,1038.01,40.32,5,B2B
1871,2023-09-09,Task,Electronics,Leeds,805.11,272.33,1,B2B
1872,2024-02-19,Sport,Clothing,Liverpool,1817.82,287.38,1,B2B
1873,2025-02-25,Congress,Clothing,Manchester,81.32,378.21,3,B2C
1874,2024-03-20,Religious,Furniture,Liverpool,1575.23,74.66,3,B2C
1875,2025-05-25,Citizen,Furniture,Birmingham,292.55,261.46,8,B2C
1876,2023-07-01,Life,Furniture,Liverpool,1605.22,105.28,9,B2C
1877,2023-06-16,Run,Furniture,Manchester,1251.03,55.67,1,B2B
1878,2023-04-01,Station,Toys,Manchester,1694.39,211.14,2,B2C
1879,2024-12-14,Term,Sports,London,240.15,90.03,2,B2B
1880,2025-05-07,War,Electronics,Leeds,1140.01,118.67,4,B2C
1881,2024-06-14,Manage,Clothing,Liverpool,1027.12,165.6,2,B2C
1882,2023-02-08,Protect,Toys,London,1427.08,137.1,7,B2C
1883,2023-05-06,A,Electronics,Leeds,1091.87,52.92,9,B2B
1884,2024-03-26,Measure,Toys,Liverpool,1104.43,54.06,7,B2C
1885,2023-06-22,Card,Toys,Birmingham,887.71,104.69,6,B2C
1886,2024-10-14,Able,Clothing,Liverpool,652.23,34.77,1,B2C
1887,2025-01-23,Beyond,Sports,Manchester,990.42,316.96,9,B2B
1888,2023-08-08,Consider,Furniture,Manchester,281.06,150.79,5,B2C
1889,2024-09-29,How,Sports,Birmingham,1924.95,147.08,5,B2C
1890,2023-02-27,Process,Clothing,London,1443.1,172.68,6,B2B
1891,2024-10-21,Ready,Clothing,Leeds,1907.31,334.77,9,B2B
1892,2024-04-20,Rich,Clothing,Liverpool,492.12,436.61,8,B2C
1893,2024-03-31,Why,Electronics,Manchester,1764.71,381.95,8,B2C
1894,2025-04-08,Continue,Sports,London,1627.14,366.49,8,B2C
1895,2025-06-13,Help,Sports,Birmingham,1370.45,247.35,1,B2B
1896,2023-12-27,Stuff,Toys,Manchester,1268.81,349.96,1,B2B
1897,2025-07-23,Hard,Toys,Birmingham,667.27,280.85,8,B2B
1898,2023-01-01,Factor,Toys,Liverpool,1642.0,115.96,5,B2C
1899,2024-01-22,Physical,Clothing,Leeds,1027.96,112.21,9,B2B
1900,2025-08-30,Those,Sports,Manchester,188.24,155.23,2,B2C
1901,2023-12-14,Cut,Clothing,Manchester,660.08,456.29,9,B2B
1902,2023-07-09,Create,Electronics,Liverpool,1873.83,278.23,8,B2B
1903,2024-05-19,Magazine,Toys,London,1708.83,369.61,9,B2B
1904,2023-07-10,Develop,Clothing,Leeds,1964.72,179.81,4,B2C
1905,2024-05-22,Event,Clothing,Manchester,1274.59,209.78,1,B2C
1906,2024-01-04,Left,Electronics,Leeds,532.64,71.53,1,B2C
1907,2024-02-13,Second,Furniture,Manchester,367.49,93.93,5,B2C
1908,2025-04-03,Figure,Sports,Leeds,414.48,415.4,2,B2B
1909,2025-07-17,Group,Furniture,Birmingham,88.6,296.57,8,B2C
1910,2025-07-22,Blood,Toys,Manchester,811.83,175.39,5,B2B
1911,2023-04-27,Be,Clothing,Leeds,423.28,403.4,5,B2C
1912,2023-05-14,Hard,Electronics,London,852.73,130.79,2,B2C
1913,2023-02-27,Education,Electronics,Birmingham,1873.24,488.26,7,B2B
1914,2024-07-09,Where,Sports,Birmingham,889.55,178.96,8,B2B
1915,2024-11-15,Suffer,Furniture,London,1762.07,175.28,1,B2C
1916,2024-11-02,Fast,Sports,Leeds,1230.73,162.84,2,B2C
1917,2023-06-22,Human,Clothing,Liverpool,531.91,69.83,4,B2B
1918,2025-04-08,Hit,Sports,London,743.92,64.46,5,B2B
1919,2025-03-25,Part,Electronics,Leeds,213.64,327.57,2,B2B
1920,2023-05-29,Hundred,Electronics,London,700.25,438.81,1,B2B
1921,2023-03-21,Bag,Toys,London,1371.2,397.36,9,B2B
1922,2025-06-04,Visit,Toys,Manchester,190.62,79.14,1,B2C
1923,2023-08-01,Five,Clothing,Leeds,450.53,277.34,4,B2C
1924,2023-07-22,Heart,Furniture,Liverpool,793.81,61.74,2,B2C
1925,2025-02-02,Could,Sports,Manchester,1965.0,32.19,4,B2C
1926,2023-08-17,Drive,Clothing,London,1580.48,331.63,8,B2B
1927,2024-11-06,Rest,Toys,London,1480.3,272.22,8,B2B
1928,2023-08-15,Time,Sports,London,276.57,50.19,9,B2B
1929,2024-10-20,Democratic,Toys,Leeds,1572.94,27.12,5,B2C
1930,2024-06-15,Run,Sports,Leeds,1581.27,494.98,7,B2B
1931,2024-03-16,Campaign,Furniture,Manchester,1222.15,24.71,3,B2B
1932,2024-02-06,Return,Clothing,Liverpool,1981.21,227.82,4,B2C
1933,2023-02-16,Of,Sports,Manchester,684.25,257.26,9,B2C
1934,2023-08-21,Approach,Electronics,Birmingham,1885.48,67.47,1,B2C
1935,2023-11-01,Message,Electronics,London,1833.73,92.84,2,B2B
1936,2024-06-09,Stock,Sports,London,72.39,182.38,5,B2B
1937,2023-05-23,Behind,Sports,London,927.73,383.22,3,B2C
1938,2024-02-19,Position,Sports,Manchester,1955.35,258.47,2,B2C
1939,2024-05-27,Role,Electronics,Manchester,251.09,322.57,1,B2B
1940,2024-01-08,Too,Electronics,London,1118.18,492.74,3,B2C
1941,2024-07-19,Year,Sports,Manchester,1958.97,386.32,1,B2B
1942,2025-06-04,Involve,Toys,Leeds,1133.22,222.84,1,B2C
1943,2023-09-16,Later,Toys,Leeds,420.14,228.76,1,B2C
1944,2024-10-17,Must,Furniture,Manchester,1185.26,313.2,8,B2C
1945,2024-04-15,Rock,Clothing,London,448.66,336.03,3,B2B
1946,2025-08-10,Compare,Toys,Manchester,1063.42,255.35,1,B2B
1947,2025-08-28,High,Electronics,Manchester,194.38,325.98,7,B2C
1948,2023-01-12,Close,Toys,Manchester,1230.69,21.53,3,B2B
1949,2023-11-26,Dinner,Furniture,Birmingham,1057.74,220.52,8,B2C
1950,2025-01-05,Have,Furniture,Leeds,1493.31,146.68,4,B2C
1951,2025-02-22,Visit,Clothing,Liverpool,1279.87,73.3,4,B2B
1952,2025-08-25,Letter,Toys,Liverpool,1121.73,58.78,5,B2B
1953,2023-12-24,Identify,Electronics,Birmingham,1395.07,305.56,6,B2B
1954,2025-08-29,Clear,Electronics,Manchester,330.69,266.56,7,B2B
1955,2024-02-12,Strategy,Sports,Birmingham,1210.95,134.26,4,B2C
1956,2024-10-29,Item,Electronics,Birmingham,385.62,240.77,8,B2B
1957,2024-01-08,Down,Clothing,London,1854.77,251.19,6,B2B
1958,2023-01-08,Mr,Clothing,Leeds,183.25,105.55,1,B2C
1959,2023-05-02,Attention,Electronics,Liverpool,889.23,329.53,1,B2C
1960,2023-12-14,Dinner,Electronics,Manchester,1406.81,392.65,9,B2C
1961,2024-11-06,Life,Sports,Liverpool,943.14,397.82,6,B2C
1962,2023-03-31,During,Electronics,Liverpool,229.59,305.21,8,B2B
1963,2024-10-09,Of,Sports,Leeds,1129.09,260.7,7,B2B
1964,2024-11-28,Store,Sports,Liverpool,1301.18,39.89,6,B2C
1965,2023-11-12,Impact,Electronics,Liverpool,1422.4,151.04,4,B2C
1966,2023-06-27,Phone,Furniture,Birmingham,777.86,55.7,7,B2B
1967,2024-06-23,Suffer,Furniture,Leeds,1149.14,482.27,9,B2B
1968,2025-01-01,Goal,Sports,London,928.84,76.19,7,B2B
1969,2025-05-18,Business,Electronics,Manchester,1360.51,84.37,1,B2B
1970,2023-02-10,Now,Furniture,Liverpool,1187.94,445.89,9,B2B
1971,2025-01-09,Part,Electronics,Manchester,1075.22,472.52,4,B2C
1972,2024-12-04,Region,Electronics,London,536.57,385.26,3,B2C
1973,2025-07-11,Material,Electronics,Manchester,53.94,12.65,4,B2C
1974,2024-05-16,Stand,Toys,London,389.46,10.66,4,B2C
1975,2025-08-16,Buy,Electronics,Birmingham,278.28,195.27,2,B2B
1976,2023-05-25,Carry,Toys,Liverpool,925.72,80.26,1,B2C
1977,2023-07-20,New,Sports,London,1243.9,19.01,1,B2B
1978,2025-07-17,Worry,Furniture,Manchester,465.52,237.39,8,B2B
1979,2024-12-24,Doctor,Furniture,Liverpool,1881.16,472.1,2,B2B
1980,2024-04-05,Some,Furniture,Birmingham,63.03,168.67,5,B2B
1981,2025-01-01,Scene,Furniture,Liverpool,1555.99,333.96,4,B2B
1982,2025-01-21,Drop,Furniture,London,1269.15,329.6,8,B2B
1983,2025-07-13,Poor,Furniture,Birmingham,778.43,133.03,2,B2B
1984,2025-06-27,Much,Furniture,Manchester,148.45,328.71,9,B2C
1985,2024-07-11,Remain,Sports,Birmingham,1273.6,114.04,7,B2B
1986,2024-06-30,As,Electronics,Birmingham,801.95,69.78,7,B2C
1987,2023-09-10,Wait,Clothing,Leeds,1875.72,353.68,1,B2C
1988,2024-01-25,Tonight,Toys,Birmingham,1106.88,65.59,2,B2B
1989,2024-08-16,Growth,Clothing,Birmingham,1882.32,498.49,4,B2B
1990,2025-06-01,Rate,Clothing,Liverpool,479.94,99.89,4,B2C
1991,2023-09-13,Media,Electronics,Manchester,1465.17,301.13,3,B2C
1992,2024-12-09,Congress,Electronics,Liverpool,1253.64,211.57,7,B2C
1993,2025-03-25,Fact,Electronics,Liverpool,1491.85,71.93,8,B2C
1994,2025-07-09,Available,Furniture,London,468.6,23.64,2,B2B
1995,2024-03-25,Floor,Sports,Liverpool,1346.74,315.14,4,B2B
1996,2023-01-10,Tough,Furniture,Leeds,1021.18,405.31,3,B2B
1997,2025-04-03,Mean,Sports,Leeds,1498.51,422.59,2,B2C
1998,2025-03-08,Great,Sports,London,687.74,246.53,6,B2B
1999,2023-08-30,Include,Clothing,Manchester,1785.61,390.95,4,B2C
2000,2023-09-08,Purpose,Clothing,Manchester,214.39,339.7,6,B2B
